index_1based,model_label,element,charge_treatment,fixed_charge_e
1,B:C5:23:HO5',H,fixed_OL3,0.42950000
2,B:C5:23:O5',O,fixed_OL3,-0.62230000
3,B:C5:23:C5',C,fixed_OL3,0.05580000
4,B:C5:23:H5',H,fixed_OL3,0.06790000
5,B:C5:23:H5'',H,fixed_OL3,0.06790000
6,B:C5:23:C4',C,fixed_OL3,0.10650000
7,B:C5:23:H4',H,fixed_OL3,0.11740000
8,B:C5:23:O4',O,fixed_OL3,-0.35480000
9,B:C5:23:C1',C,fixed_OL3,0.00660000
10,B:C5:23:H1',H,fixed_OL3,0.20290000
11,B:C5:23:N1,N,fixed_OL3,-0.04840000
12,B:C5:23:C6,C,fixed_OL3,0.00530000
13,B:C5:23:H6,H,fixed_OL3,0.19580000
14,B:C5:23:C5,C,fixed_OL3,-0.52150000
15,B:C5:23:H5,H,fixed_OL3,0.19280000
16,B:C5:23:C4,C,fixed_OL3,0.81850000
17,B:C5:23:N4,N,fixed_OL3,-0.95300000
18,B:C5:23:H41,H,fixed_OL3,0.42340000
19,B:C5:23:H42,H,fixed_OL3,0.42340000
20,B:C5:23:N3,N,fixed_OL3,-0.75840000
21,B:C5:23:C2,C,fixed_OL3,0.75380000
22,B:C5:23:O2,O,fixed_OL3,-0.62520000
23,B:C5:23:C3',C,fixed_OL3,0.20220000
24,B:C5:23:H3',H,fixed_OL3,0.06150000
25,B:C5:23:C2',C,fixed_OL3,0.06700000
26,B:C5:23:H2',H,fixed_OL3,0.09720000
27,B:C5:23:O2',O,fixed_OL3,-0.61390000
28,B:C5:23:HO2',H,fixed_OL3,0.41860000
29,B:C5:23:O3',O,fixed_OL3,-0.52460000
30,B:A:24:P,P,fixed_OL3,1.16620000
31,B:A:24:OP1,O,fixed_OL3,-0.77600000
32,B:A:24:OP2,O,fixed_OL3,-0.77600000
33,B:A:24:O5',O,fixed_OL3,-0.49890000
34,B:A:24:C5',C,fixed_OL3,0.05580000
35,B:A:24:H5',H,fixed_OL3,0.06790000
36,B:A:24:H5'',H,fixed_OL3,0.06790000
37,B:A:24:C4',C,fixed_OL3,0.10650000
38,B:A:24:H4',H,fixed_OL3,0.11740000
39,B:A:24:O4',O,fixed_OL3,-0.35480000
40,B:A:24:C1',C,fixed_OL3,0.03940000
41,B:A:24:H1',H,fixed_OL3,0.20070000
42,B:A:24:N9,N,fixed_OL3,-0.02510000
43,B:A:24:C8,C,fixed_OL3,0.20060000
44,B:A:24:H8,H,fixed_OL3,0.15530000
45,B:A:24:N7,N,fixed_OL3,-0.60730000
46,B:A:24:C5,C,fixed_OL3,0.05150000
47,B:A:24:C6,C,fixed_OL3,0.70090000
48,B:A:24:N6,N,fixed_OL3,-0.90190000
49,B:A:24:H61,H,fixed_OL3,0.41150000
50,B:A:24:H62,H,fixed_OL3,0.41150000
51,B:A:24:N1,N,fixed_OL3,-0.76150000
52,B:A:24:C2,C,fixed_OL3,0.58750000
53,B:A:24:H2,H,fixed_OL3,0.04730000
54,B:A:24:N3,N,fixed_OL3,-0.69970000
55,B:A:24:C4,C,fixed_OL3,0.30530000
56,B:A:24:C3',C,fixed_OL3,0.20220000
57,B:A:24:H3',H,fixed_OL3,0.06150000
58,B:A:24:C2',C,fixed_OL3,0.06700000
59,B:A:24:H2',H,fixed_OL3,0.09720000
60,B:A:24:O2',O,fixed_OL3,-0.61390000
61,B:A:24:HO2',H,fixed_OL3,0.41860000
62,B:A:24:O3',O,fixed_OL3,-0.52460000
63,L:LNK:1:C8,C,fit_RESP,
64,L:LNK:1:N1,N,fit_RESP,
65,L:LNK:1:C7,C,fit_RESP,
66,L:LNK:1:O1,O,fit_RESP,
67,L:LNK:1:C6,C,fit_RESP,
68,L:LNK:1:C5,C,fit_RESP,
69,L:LNK:1:C4,C,fit_RESP,
70,L:LNK:1:C3,C,fit_RESP,
71,L:LNK:1:C2,C,fit_RESP,
72,L:LNK:1:C1,C,fit_RESP,
73,L:LNK:1:O2,O,fit_RESP,
74,L:LNK:1:C9,C,fit_RESP,
75,L:LNK:1:C10,C,fit_RESP,
76,L:LNK:1:C11,C,fit_RESP,
77,L:LNK:1:C12,C,fit_RESP,
78,L:LNK:1:C13,C,fit_RESP,
79,L:LNK:1:O3,O,fit_RESP,
80,L:LNK:1:C14,C,fit_RESP,
81,L:LNK:1:O4,O,fit_RESP,
82,L:LNK:1:P1,P,fit_RESP,
83,L:LNK:1:O5,O,fit_RESP,
84,L:LNK:1:O6,O,fit_RESP,
85,L:LNK:1:H14,H,fit_RESP,
86,L:LNK:1:H15,H,fit_RESP,
87,L:LNK:1:H13,H,fit_RESP,
88,L:LNK:1:H11,H,fit_RESP,
89,L:LNK:1:H12,H,fit_RESP,
90,L:LNK:1:H9,H,fit_RESP,
91,L:LNK:1:H10,H,fit_RESP,
92,L:LNK:1:H7,H,fit_RESP,
93,L:LNK:1:H8,H,fit_RESP,
94,L:LNK:1:H5,H,fit_RESP,
95,L:LNK:1:H6,H,fit_RESP,
96,L:LNK:1:H3,H,fit_RESP,
97,L:LNK:1:H4,H,fit_RESP,
98,L:LNK:1:H1,H,fit_RESP,
99,L:LNK:1:H16,H,fit_RESP,
100,L:LNK:1:H17,H,fit_RESP,
101,L:LNK:1:H18,H,fit_RESP,
102,L:LNK:1:H19,H,fit_RESP,
103,L:LNK:1:H20,H,fit_RESP,
104,L:LNK:1:H21,H,fit_RESP,
105,L:LNK:1:H22,H,fit_RESP,
106,L:LNK:1:H23,H,fit_RESP,
107,L:LNK:1:H24,H,fit_RESP,
108,L:LNK:1:H25,H,fit_RESP,
109,L:LNK:1:H26,H,fit_RESP,
110,L:LNK:1:H27,H,fit_RESP,
111,L:LNK:1:H2,H,fit_RESP,
112,X:E3L:1:N2,N,fit_RESP,
113,X:E3L:1:C5,C,fit_RESP,
114,X:E3L:1:C4,C,fit_RESP,
115,X:E3L:1:N1,N,fit_RESP,
116,X:E3L:1:C3,C,fit_RESP,
117,X:E3L:1:C2,C,fit_RESP,
118,X:E3L:1:C1,C,fit_RESP,
119,X:E3L:1:O1,O,fit_RESP,
120,X:E3L:1:O2,O,fit_RESP,
121,X:E3L:1:C6,C,fit_RESP,
122,X:E3L:1:O3,O,fit_RESP,
123,X:E3L:1:C7,C,fit_RESP,
124,X:E3L:1:C8,C,fit_RESP,
125,X:E3L:1:C9,C,fit_RESP,
126,X:E3L:1:O4,O,fit_RESP,
127,X:E3L:1:C10,C,fit_RESP,
128,X:E3L:1:C11,C,fit_RESP,
129,X:E3L:1:C12,C,fit_RESP,
130,X:E3L:1:C13,C,fit_RESP,
131,X:E3L:1:N3,N,fit_RESP,
132,X:E3L:1:H6,H,fit_RESP,
133,X:E3L:1:H5,H,fit_RESP,
134,X:E3L:1:H3,H,fit_RESP,
135,X:E3L:1:H4,H,fit_RESP,
136,X:E3L:1:H1,H,fit_RESP,
137,X:E3L:1:H2,H,fit_RESP,
138,X:E3L:1:H7,H,fit_RESP,
139,X:E3L:1:H8,H,fit_RESP,
140,X:E3L:1:H9,H,fit_RESP,
141,X:E3L:1:H10,H,fit_RESP,
